{
  "benchmark": "enterprise_throughput_ab",
  "timestamp": "2026-03-23 11:15:49",
  "model": "Qwen/Qwen2.5-7B-Instruct-AWQ",
  "results": {
    "16K": {
      "levels": [
        {
          "concurrency": 1,
          "context_target": 16000,
          "sb_n": 25,
          "sb_p50_ms": 459.97379103209823,
          "sb_p95_ms": 576.508832979016,
          "sb_p99_ms": 604.8462499747984,
          "sb_rps": 0.6854188686231599,
          "sb_errors": 0,
          "bl_n": 25,
          "bl_p50_ms": 234.56695902859792,
          "bl_p95_ms": 347.4026669864543,
          "bl_p99_ms": 354.0262500173412,
          "bl_rps": 0.813877916250019,
          "bl_errors": 0,
          "p50_delta_ms": -225.4068320035003,
          "p50_speedup": 0.5099572271330329,
          "rps_improvement": -0.15783577003629765
        },
        {
          "concurrency": 4,
          "context_target": 16000,
          "sb_n": 25,
          "sb_p50_ms": 683.309540967457,
          "sb_p95_ms": 808.598332980182,
          "sb_p99_ms": 894.6502499748021,
          "sb_rps": 0.5912834792966372,
          "sb_errors": 0,
          "bl_n": 25,
          "bl_p50_ms": 268.1152919540182,
          "bl_p95_ms": 327.6439160108566,
          "bl_p99_ms": 337.88279100554064,
          "bl_rps": 0.787168423124032,
          "bl_errors": 0,
          "p50_delta_ms": -415.1942490134388,
          "p50_speedup": 0.3923775037216805,
          "rps_improvement": -0.2488475630793053
        },
        {
          "concurrency": 8,
          "context_target": 16000,
          "sb_n": 25,
          "sb_p50_ms": 1003.7047090008855,
          "sb_p95_ms": 1065.7018750207499,
          "sb_p99_ms": 1075.216332974378,
          "sb_rps": 0.49198383233048076,
          "sb_errors": 0,
          "bl_n": 25,
          "bl_p50_ms": 314.00587502866983,
          "bl_p95_ms": 454.03183304006234,
          "bl_p99_ms": 505.96733298152685,
          "bl_rps": 0.7112935892517651,
          "bl_errors": 0,
          "p50_delta_ms": -689.6988339722157,
          "p50_speedup": 0.3128468684193379,
          "rps_improvement": -0.308325226369584
        }
      ],
      "quality": {
        "n_compared": 75,
        "mean_jaccard": 0.8094327463541541,
        "pct_identical": 0.68,
        "passed": true
      }
    },
    "32K": {
      "levels": [
        {
          "concurrency": 1,
          "context_target": 32000,
          "sb_n": 23,
          "sb_p50_ms": 574.0585409803316,
          "sb_p95_ms": 860.654667019844,
          "sb_p99_ms": 1058.8085419731215,
          "sb_rps": 0.6312219675240764,
          "sb_errors": 0,
          "bl_n": 23,
          "bl_p50_ms": 376.85279099969193,
          "bl_p95_ms": 640.2269580285065,
          "bl_p99_ms": 1002.4587090010755,
          "bl_rps": 0.7195885295815603,
          "bl_errors": 0,
          "p50_delta_ms": -197.20574998063967,
          "p50_speedup": 0.6564710113991731,
          "rps_improvement": -0.12280151562291976
        },
        {
          "concurrency": 4,
          "context_target": 32000,
          "sb_n": 23,
          "sb_p50_ms": 5590.723374974914,
          "sb_p95_ms": 11962.136083981022,
          "sb_p99_ms": 14039.796833996661,
          "sb_rps": 0.13172700372021257,
          "sb_errors": 0,
          "bl_n": 23,
          "bl_p50_ms": 2010.9702500049025,
          "bl_p95_ms": 5019.243957998697,
          "bl_p99_ms": 5625.099666998722,
          "bl_rps": 0.2744956866439889,
          "bl_errors": 0,
          "p50_delta_ms": -3579.7531249700114,
          "p50_speedup": 0.35969768402535673,
          "rps_improvement": -0.5201126643164423
        },
        {
          "concurrency": 8,
          "context_target": 32000,
          "sb_n": 23,
          "sb_p50_ms": 7583.662625052966,
          "sb_p95_ms": 16308.867875020951,
          "sb_p99_ms": 17837.911290989723,
          "sb_rps": 0.08701085731934738,
          "sb_errors": 0,
          "bl_n": 23,
          "bl_p50_ms": 2663.583000015933,
          "bl_p95_ms": 6365.685832977761,
          "bl_p99_ms": 7918.811332958285,
          "bl_rps": 0.19731032181511976,
          "bl_errors": 0,
          "p50_delta_ms": -4920.079625037033,
          "p50_speedup": 0.351226462951644,
          "rps_improvement": -0.5590151771133557
        }
      ],
      "quality": {
        "n_compared": 69,
        "mean_jaccard": 0.9436368772135671,
        "pct_identical": 0.927536231884058,
        "passed": true
      }
    }
  }
}